{"TwoInOneModel": {"loss": [1.6963061094284058, 1.5975842475891113, 1.5092133283615112, 1.3246607780456543, 1.2582842111587524, 1.2300442457199097, 1.2076284885406494, 1.1943036317825317, 1.1787474155426025, 1.168229341506958, 1.1580572128295898, 1.1444916725158691, 1.128113031387329, 1.1227891445159912, 1.1183613538742065, 1.1053650379180908, 1.1012687683105469], "val_loss": [2.218336582183838, 2.0062012672424316, 1.748075008392334, 1.7252963781356812, 1.6944323778152466, 1.6742100715637207, 1.6599000692367554, 1.6531838178634644, 1.6469171047210693, 1.6426013708114624, 1.640782356262207, 1.6381216049194336, 1.6405490636825562, 1.6400715112686157, 1.6399210691452026, 1.6405611038208008, 1.6408946514129639]}}
