{"augmented-clf-custom-cnn": {"loss": [1.6031639575958252, 1.2221295833587646, 0.991887092590332, 0.7971861362457275, 0.6429622173309326, 0.5266050696372986, 0.44188863039016724, 0.364986389875412, 0.2813679277896881, 0.2036457657814026, 0.1731550395488739, 0.15434183180332184, 0.14101098477840424, 0.1307084858417511, 0.12614668905735016, 0.1232953816652298, 0.12075969576835632, 0.11843566596508026, 0.11583248525857925, 0.11490723490715027, 0.1142110526561737, 0.11328108608722687, 0.11304526776075363, 0.11281868815422058, 0.1125909760594368, 0.11226095259189606, 0.11218477040529251, 0.11210666596889496, 0.1119924783706665, 0.11196684092283249, 0.1119404062628746, 0.11190111190080643, 0.11189230531454086], "val_loss": [1.592629313468933, 1.4221713542938232, 1.3171634674072266, 1.2807246446609497, 1.2806947231292725, 1.5287669897079468, 1.5730996131896973, 1.699091911315918, 1.1371068954467773, 1.128123164176941, 1.1266072988510132, 1.1313880681991577, 1.1345058679580688, 1.1311551332473755, 1.128525972366333, 1.1276262998580933, 1.1279881000518799, 1.129364013671875, 1.120966911315918, 1.1211998462677002, 1.1212750673294067, 1.1203992366790771, 1.1200027465820312, 1.119813084602356, 1.1197277307510376, 1.119834065437317, 1.1197422742843628, 1.1196796894073486, 1.1197172403335571, 1.1197067499160767, 1.1196703910827637, 1.1196914911270142, 1.1196881532669067]}, "augmented-clf-mobilenet": {"loss": [0.9373319745063782, 0.22592639923095703, 0.03836667537689209, 0.008995347656309605, 0.005892599932849407, 0.0048121241852641106, 0.004296986851841211, 0.0041669439524412155, 0.004047374241054058], "val_loss": [0.5107741355895996, 0.4813464283943176, 0.4670269191265106, 0.49085521697998047, 0.5131875872612, 0.5281139016151428, 0.5349626541137695, 0.5392112135887146, 0.5430641770362854]}, "augmented-clf-vgg": {"loss": [0.8632889986038208, 0.36607280373573303, 0.16205145418643951, 0.052207957953214645, 0.021764837205410004, 0.013881338760256767, 0.010893521830439568, 0.008256180211901665, 0.0066938926465809345, 0.006125547457486391, 0.005584697239100933, 0.006065945141017437, 0.005111801438033581, 0.005022458732128143, 0.004951888229697943, 0.004932676907628775], "val_loss": [0.5542464852333069, 0.5500191450119019, 0.5144726037979126, 0.5658395886421204, 0.5202388763427734, 0.5490748882293701, 0.63482666015625, 0.5784887075424194, 0.593442440032959, 0.6009950637817383, 0.621773362159729, 0.6185588240623474, 0.630347490310669, 0.6331994533538818, 0.6402559876441956, 0.6416494250297546]}}
