{"TwoInOneModel": {"loss": [1.4707427024841309, 1.2020988464355469, 0.992836594581604, 0.8780008554458618, 0.8263939619064331, 0.7963228821754456, 0.7750471830368042, 0.7559596300125122, 0.7393601536750793, 0.7256008982658386, 0.7173158526420593, 0.6988585591316223, 0.6848306655883789, 0.674501359462738, 0.6642062067985535, 0.654757022857666, 0.6455661058425903, 0.6379194259643555, 0.6330444812774658, 0.6290110945701599, 0.6268048286437988, 0.6252683997154236, 0.6240330934524536, 0.6226838231086731, 0.6220159530639648, 0.621509850025177], "val_loss": [1.3547617197036743, 1.2336053848266602, 1.1447213888168335, 1.1511870622634888, 1.1877641677856445, 1.129031777381897, 1.1620477437973022, 1.088028073310852, 1.1501680612564087, 1.1578316688537598, 1.1710010766983032, 1.097999095916748, 1.0753189325332642, 1.0778553485870361, 1.0994548797607422, 1.0711437463760376, 1.0704010725021362, 1.0663704872131348, 1.067707896232605, 1.0621801614761353, 1.0602401494979858, 1.0634517669677734, 1.0650405883789062, 1.0621118545532227, 1.0624662637710571, 1.0619090795516968]}}
