{"augmented-bbreg-custom-cnn": {"loss": [1.2403371334075928, 0.8212788701057434, 0.7477620244026184, 0.7160254120826721, 0.6943290829658508, 0.6815553307533264, 0.6736465096473694, 0.6601324081420898, 0.655997633934021, 0.652524471282959, 0.64866703748703, 0.6452556848526001, 0.6415470242500305], "val_loss": [1.5829602479934692, 1.0615671873092651, 0.7242662310600281, 0.7001463770866394, 0.6925079226493835, 0.6949618458747864, 0.6760543584823608, 0.6690672636032104, 0.6694982051849365, 0.6659122109413147, 0.6696584820747375, 0.6651369333267212, 0.6675454378128052]}, "augmented-bbreg-mobilenet": {"loss": [1.4859567880630493, 1.413597583770752, 1.2300771474838257, 1.0277252197265625, 0.8984611630439758, 0.8006566762924194, 0.7175313234329224, 0.6740097999572754, 0.6377179026603699, 0.6023061275482178, 0.573941171169281, 0.5357037782669067, 0.5151965022087097, 0.5003674030303955, 0.4876551628112793, 0.4741691052913666, 0.4642948508262634, 0.4569295048713684, 0.4436856210231781, 0.428587943315506, 0.4190044701099396, 0.4116727411746979, 0.4072774648666382, 0.4024879038333893, 0.39878231287002563], "val_loss": [1.468309760093689, 1.4301480054855347, 1.0763376951217651, 1.4747930765151978, 1.0771349668502808, 1.2535831928253174, 0.7559661269187927, 0.6997562646865845, 0.6464739441871643, 0.6405574083328247, 0.6048267483711243, 0.5732202529907227, 0.5585030317306519, 0.568254828453064, 0.5404272675514221, 0.5476334691047668, 0.5418978333473206, 0.5280844569206238, 0.5271775722503662, 0.5197619795799255, 0.5242159366607666, 0.5247778296470642, 0.5243098735809326, 0.5239315629005432, 0.5232367515563965]}, "augmented-bbreg-vgg": {"loss": [1.5078516006469727, 1.494516372680664, 1.4860674142837524, 1.4783270359039307, 1.4696321487426758, 1.4657130241394043], "val_loss": [1.4371898174285889, 1.4563409090042114, 1.5041762590408325, 1.5400803089141846, 1.5613460540771484, 1.5381970405578613]}}
