{"clf-custom-cnn": {"loss": [1.7026382684707642, 1.5396095514297485, 1.4377528429031372, 1.3764182329177856, 1.3552138805389404, 1.3043209314346313, 1.2751789093017578, 1.219195008277893, 1.1754229068756104, 1.180077075958252, 1.1134870052337646, 1.0991333723068237, 1.056058645248413, 1.013888955116272, 0.9105001091957092, 0.8670400381088257, 0.816038191318512, 0.8045035004615784, 0.7738068103790283, 0.737646758556366, 0.719785213470459, 0.703788161277771, 0.680799126625061, 0.672367513179779, 0.6416642665863037, 0.6344364881515503, 0.6104179620742798], "val_loss": [16.65793228149414, 3.322781801223755, 1.8595457077026367, 1.794280767440796, 2.1488289833068848, 1.7164677381515503, 1.4714840650558472, 1.3434793949127197, 1.2962225675582886, 1.2998192310333252, 1.178983449935913, 1.2876657247543335, 1.220258116722107, 1.187608003616333, 1.0602434873580933, 1.0262887477874756, 1.078741431236267, 1.0859065055847168, 0.974251389503479, 0.975521445274353, 0.9613713026046753, 0.9180188775062561, 0.9425298571586609, 0.9547359943389893, 0.9357151389122009, 0.9015547037124634, 0.8875628113746643]}, "clf-mobilenet": {"loss": [1.1600933074951172, 0.7898641228675842, 0.7221575975418091, 0.6898708939552307, 0.6335201263427734, 0.6268854141235352, 0.6193127036094666, 0.5605935454368591, 0.555903971195221, 0.5826761722564697, 0.555661678314209, 0.5553646087646484, 0.5418655276298523, 0.5317431092262268, 0.5413135886192322], "val_loss": [0.6617740988731384, 0.641808807849884, 0.6909100413322449, 0.6061043739318848, 0.5198553204536438, 0.5025447010993958, 0.5106245875358582, 0.5037540793418884, 0.49809733033180237, 0.49293413758277893, 0.49079692363739014, 0.49079474806785583, 0.4886976182460785, 0.4869855046272278, 0.48714056611061096]}, "clf-vgg": {"loss": [1.278983235359192, 0.8825344443321228, 0.7543314695358276, 0.6844896674156189, 0.6376463770866394, 0.6314064264297485, 0.6054116487503052, 0.5867034792900085, 0.5557911396026611, 0.5364558696746826], "val_loss": [0.9389175772666931, 0.7042962908744812, 0.6341509222984314, 0.602828323841095, 0.5507624745368958, 0.5396288633346558, 0.5463353991508484, 0.525448739528656, 0.5200682282447815, 0.5116181373596191]}}
