{"bbreg-custom-cnn": {"loss": [1.4231821298599243, 0.8847493529319763, 0.7060801386833191, 0.6825211644172668, 0.6703310608863831, 0.6644167900085449, 0.6602277159690857, 0.6515733599662781, 0.6476735472679138], "val_loss": [1.7044031620025635, 0.6979689598083496, 0.7059626579284668, 0.6538359522819519, 0.6719104647636414, 0.6725360751152039, 0.647528350353241, 0.6449540257453918, 0.6448717713356018]}, "bbreg-mobilenet": {"loss": [1.1557354927062988, 0.6790288686752319, 0.6475599408149719, 0.6504448056221008, 0.6387275457382202, 0.6301581263542175, 0.6263109445571899, 0.6290201544761658, 0.623862624168396, 0.6218575239181519, 0.6196174621582031, 0.6193464398384094, 0.619153618812561, 0.6173183917999268, 0.6171422004699707, 0.6168699264526367, 0.6165339350700378], "val_loss": [1.4862000942230225, 0.9055484533309937, 0.820949137210846, 0.6785513758659363, 0.6315005421638489, 0.6332252621650696, 0.6267309784889221, 0.6278636455535889, 0.6281402111053467, 0.6256808042526245, 0.6240412592887878, 0.6213107705116272, 0.6220090985298157, 0.6211896538734436, 0.6209917664527893, 0.6208871006965637, 0.6205296516418457]}, "bbreg-vgg": {"loss": [1.5532413721084595, 1.4967283010482788, 1.4315896034240723, 1.342974066734314, 1.2867276668548584, 1.250894546508789, 1.222480058670044, 1.1896648406982422, 1.1713603734970093, 1.1656969785690308, 1.1482484340667725, 1.1421706676483154], "val_loss": [1.4872486591339111, 1.6781163215637207, 1.572299838066101, 1.5337741374969482, 1.1692917346954346, 1.3713202476501465, 1.1653040647506714, 1.577129602432251, 1.5241568088531494, 1.390570878982544, 1.5569136142730713, 1.5152822732925415]}}
