{"uncropped-clf-mobilenet": {"loss": [1.373288869857788, 0.735867977142334, 0.394624799489975, 0.15858270227909088, 0.06779136508703232, 0.030320512130856514, 0.01855248212814331, 0.012263013981282711, 0.008962854743003845, 0.007356994319707155, 0.006423602811992168, 0.006365062203258276, 0.0061589633114635944], "val_loss": [1.6299402713775635, 1.300134301185608, 1.1295512914657593, 1.188331961631775, 1.102139949798584, 0.8589698672294617, 0.7600768208503723, 0.7686445713043213, 0.8061633706092834, 0.8276483416557312, 0.8263674974441528, 0.8290300965309143, 0.833870530128479]}}
